{"v": "5.5.7", "meta": {"g": "LottieFiles AE 0.1.20", "a": "", "k": "", "d": "", "tc": ""}, "fr": 60, "ip": 0, "op": 173, "w": 1000, "h": 1000, "nm": "Music App Loader", "ddd": 0, "assets": [{"id": "comp_0", "layers": [{"ddd": 0, "ind": 1, "ty": 4, "nm": "Path 7", "sr": 1, "ks": {"o": {"a": 0, "k": 100, "ix": 11}, "r": {"a": 0, "k": 0, "ix": 10}, "p": {"a": 0, "k": [817.5, 889.5, 0], "ix": 2}, "a": {"a": 0, "k": [0, 0, 0], "ix": 1}, "s": {"a": 0, "k": [100, 100, 100], "ix": 6}}, "ao": 0, "ef": [{"ty": 5, "nm": "Glow", "np": 16, "mn": "ADBE Glo2", "ix": 1, "en": 1, "ef": [{"ty": 7, "nm": "Glow Based On", "mn": "ADBE Glo2-0001", "ix": 1, "v": {"a": 0, "k": 2, "ix": 1}}, {"ty": 0, "nm": "Glow Threshold", "mn": "ADBE Glo2-0002", "ix": 2, "v": {"a": 0, "k": 255, "ix": 2}}, {"ty": 0, "nm": "Glow Radius", "mn": "ADBE Glo2-0003", "ix": 3, "v": {"a": 0, "k": 435, "ix": 3}}, {"ty": 0, "nm": "Glow Intensity", "mn": "ADBE Glo2-0004", "ix": 4, "v": {"a": 0, "k": 8.8, "ix": 4}}, {"ty": 7, "nm": "Composite Original", "mn": "ADBE Glo2-0005", "ix": 5, "v": {"a": 0, "k": 1, "ix": 5}}, {"ty": 7, "nm": "Glow Operation", "mn": "ADBE Glo2-0006", "ix": 6, "v": {"a": 0, "k": 3, "ix": 6}}, {"ty": 7, "nm": "Glow Colors", "mn": "ADBE Glo2-0007", "ix": 7, "v": {"a": 0, "k": 2, "ix": 7}}, {"ty": 7, "nm": "Color Looping", "mn": "ADBE Glo2-0008", "ix": 8, "v": {"a": 0, "k": 3, "ix": 8}}, {"ty": 0, "nm": "Color Loops", "mn": "ADBE Glo2-0009", "ix": 9, "v": {"a": 0, "k": 16.4, "ix": 9}}, {"ty": 0, "nm": "Color Phase", "mn": "ADBE Glo2-0010", "ix": 10, "v": {"a": 0, "k": 179, "ix": 10}}, {"ty": 0, "nm": "A & B Midpoint", "mn": "ADBE Glo2-0011", "ix": 11, "v": {"a": 0, "k": 0.638, "ix": 11}}, {"ty": 2, "nm": "Color A", "mn": "ADBE Glo2-0012", "ix": 12, "v": {"a": 0, "k": [1, 1, 1, 0], "ix": 12}}, {"ty": 2, "nm": "Color B", "mn": "ADBE Glo2-0013", "ix": 13, "v": {"a": 0, "k": [0, 0, 0, 0], "ix": 13}}, {"ty": 7, "nm": "Glow Dimensions", "mn": "ADBE Glo2-0014", "ix": 14, "v": {"a": 0, "k": 1, "ix": 14}}]}], "shapes": [{"ty": "gr", "it": [{"ind": 0, "ty": "sh", "ix": 1, "ks": {"a": 0, "k": {"i": [[0, 0], [1.4, -17.5], [-21, 0.1], [0, 19.6], [0, 0], [-12.2, 3.8], [0, 0], [0, -19.6], [0, 0], [19.6, -0.2], [-1.6, 21.3], [-17.8, 0.1]], "o": [[-17.6, -0.1], [-1.7, 21.2], [19.6, -0.2], [0, 0], [0, -12.8], [0, 0], [18.7, -5.8], [0, 0], [0, 19.6], [-20.9, 0.2], [1.4, -17.5], [0, 0]], "v": [[-80.939, 70.258], [-114.139, 103.158], [-78.039, 141.958], [-42.439, 105.358], [-42.439, -82.442], [-21.939, -110.242], [76.661, -140.642], [114.261, -112.842], [114.261, 69.358], [78.661, 105.958], [42.561, 67.158], [75.761, 34.258]], "c": false}, "ix": 2}, "nm": "Path 1", "mn": "ADBE Vector Shape - Group", "hd": false}, {"ty": "st", "c": {"a": 0, "k": [0.341611615349, 0.893359853707, 1, 1], "ix": 3}, "o": {"a": 0, "k": 100, "ix": 4}, "w": {"a": 0, "k": 8, "ix": 5}, "lc": 2, "lj": 2, "bm": 0, "nm": "Stroke 1", "mn": "ADBE Vector Graphic - Stroke", "hd": false}, {"ty": "tr", "p": {"a": 0, "k": [0, 0], "ix": 2}, "a": {"a": 0, "k": [0, 0], "ix": 1}, "s": {"a": 0, "k": [300, 300], "ix": 3}, "r": {"a": 0, "k": 0, "ix": 6}, "o": {"a": 0, "k": 100, "ix": 7}, "sk": {"a": 0, "k": 0, "ix": 4}, "sa": {"a": 0, "k": 0, "ix": 5}, "nm": "Transform"}], "nm": "Path", "np": 2, "cix": 2, "bm": 0, "ix": 1, "mn": "ADBE Vector Group", "hd": false}, {"ty": "tm", "s": {"a": 1, "k": [{"i": {"x": [0.4], "y": [1]}, "o": {"x": [0.6], "y": [0]}, "t": 32, "s": [0]}, {"t": 102, "s": [100]}], "ix": 1}, "e": {"a": 1, "k": [{"i": {"x": [0.4], "y": [1]}, "o": {"x": [0.6], "y": [0]}, "t": 32, "s": [0]}, {"t": 110, "s": [100]}], "ix": 2}, "o": {"a": 0, "k": 0, "ix": 3}, "m": 1, "ix": 2, "nm": "Trim Paths 1", "mn": "ADBE Vector Filter - Trim", "hd": false}, {"ty": "st", "c": {"a": 0, "k": [0.341611615349, 0.893359853707, 1, 1], "ix": 3}, "o": {"a": 0, "k": 100, "ix": 4}, "w": {"a": 0, "k": 8, "ix": 5}, "lc": 1, "lj": 1, "ml": 4, "bm": 0, "nm": "Stroke 1", "mn": "ADBE Vector Graphic - Stroke", "hd": false}], "ip": 0, "op": 300, "st": 0, "bm": 0}, {"ddd": 0, "ind": 2, "ty": 4, "nm": "Path 3", "sr": 1, "ks": {"o": {"a": 0, "k": 100, "ix": 11}, "r": {"a": 0, "k": 0, "ix": 10}, "p": {"a": 0, "k": [797.5, 877.5, 0], "ix": 2}, "a": {"a": 0, "k": [0, 0, 0], "ix": 1}, "s": {"a": 0, "k": [100, 100, 100], "ix": 6}}, "ao": 0, "shapes": [{"ty": "gr", "it": [{"ind": 0, "ty": "sh", "ix": 1, "ks": {"a": 0, "k": {"i": [[0, 0], [1.4, -17.5], [-21, 0.1], [0, 19.6], [0, 0], [-12.2, 3.8], [0, 0], [0, -19.6], [0, 0], [19.6, -0.2], [-1.6, 21.3], [-17.8, 0.1]], "o": [[-17.6, -0.1], [-1.7, 21.2], [19.6, -0.2], [0, 0], [0, -12.8], [0, 0], [18.7, -5.8], [0, 0], [0, 19.6], [-20.9, 0.2], [1.4, -17.5], [0, 0]], "v": [[-80.939, 70.258], [-114.139, 103.158], [-78.039, 141.958], [-42.439, 105.358], [-42.439, -82.442], [-21.939, -110.242], [76.661, -140.642], [114.261, -112.842], [114.261, 69.358], [78.661, 105.958], [42.561, 67.158], [75.761, 34.258]], "c": false}, "ix": 2}, "nm": "Path 1", "mn": "ADBE Vector Shape - Group", "hd": false}, {"ty": "st", "c": {"a": 0, "k": [0, 0.608387008368, 1, 1], "ix": 3}, "o": {"a": 0, "k": 100, "ix": 4}, "w": {"a": 0, "k": 26, "ix": 5}, "lc": 2, "lj": 2, "bm": 0, "nm": "Stroke 1", "mn": "ADBE Vector Graphic - Stroke", "hd": false}, {"ty": "tr", "p": {"a": 0, "k": [0, 0], "ix": 2}, "a": {"a": 0, "k": [0, 0], "ix": 1}, "s": {"a": 0, "k": [300, 300], "ix": 3}, "r": {"a": 0, "k": 0, "ix": 6}, "o": {"a": 0, "k": 100, "ix": 7}, "sk": {"a": 0, "k": 0, "ix": 4}, "sa": {"a": 0, "k": 0, "ix": 5}, "nm": "Transform"}], "nm": "Path", "np": 2, "cix": 2, "bm": 0, "ix": 1, "mn": "ADBE Vector Group", "hd": false}, {"ty": "tm", "s": {"a": 0, "k": 0, "ix": 1}, "e": {"a": 1, "k": [{"i": {"x": [0.4], "y": [1]}, "o": {"x": [0.6], "y": [0]}, "t": 19, "s": [0]}, {"t": 79, "s": [100]}], "ix": 2}, "o": {"a": 0, "k": 0, "ix": 3}, "m": 1, "ix": 2, "nm": "Trim Paths 1", "mn": "ADBE Vector Filter - Trim", "hd": false}, {"ty": "st", "c": {"a": 0, "k": [0, 0.608387008368, 1, 1], "ix": 3}, "o": {"a": 0, "k": 100, "ix": 4}, "w": {"a": 0, "k": 2, "ix": 5}, "lc": 1, "lj": 1, "ml": 4, "bm": 0, "nm": "Stroke 1", "mn": "ADBE Vector Graphic - Stroke", "hd": false}], "ip": 0, "op": 300, "st": 0, "bm": 0}, {"ddd": 0, "ind": 3, "ty": 4, "nm": "Path 2", "sr": 1, "ks": {"o": {"a": 0, "k": 100, "ix": 11}, "r": {"a": 0, "k": 0, "ix": 10}, "p": {"a": 0, "k": [797.5, 877.5, 0], "ix": 2}, "a": {"a": 0, "k": [0, 0, 0], "ix": 1}, "s": {"a": 0, "k": [100, 100, 100], "ix": 6}}, "ao": 0, "shapes": [{"ty": "gr", "it": [{"ind": 0, "ty": "sh", "ix": 1, "ks": {"a": 0, "k": {"i": [[0, 0], [1.4, -17.5], [-21, 0.1], [0, 19.6], [0, 0], [-12.2, 3.8], [0, 0], [0, -19.6], [0, 0], [19.6, -0.2], [-1.6, 21.3], [-17.8, 0.1]], "o": [[-17.6, -0.1], [-1.7, 21.2], [19.6, -0.2], [0, 0], [0, -12.8], [0, 0], [18.7, -5.8], [0, 0], [0, 19.6], [-20.9, 0.2], [1.4, -17.5], [0, 0]], "v": [[-80.939, 70.258], [-114.139, 103.158], [-78.039, 141.958], [-42.439, 105.358], [-42.439, -82.442], [-21.939, -110.242], [76.661, -140.642], [114.261, -112.842], [114.261, 69.358], [78.661, 105.958], [42.561, 67.158], [75.761, 34.258]], "c": false}, "ix": 2}, "nm": "Path 1", "mn": "ADBE Vector Shape - Group", "hd": false}, {"ty": "st", "c": {"a": 0, "k": [0.640268961589, 0, 1, 1], "ix": 3}, "o": {"a": 0, "k": 100, "ix": 4}, "w": {"a": 0, "k": 26, "ix": 5}, "lc": 2, "lj": 2, "bm": 0, "nm": "Stroke 1", "mn": "ADBE Vector Graphic - Stroke", "hd": false}, {"ty": "tr", "p": {"a": 0, "k": [0, 0], "ix": 2}, "a": {"a": 0, "k": [0, 0], "ix": 1}, "s": {"a": 0, "k": [300, 300], "ix": 3}, "r": {"a": 0, "k": 0, "ix": 6}, "o": {"a": 0, "k": 100, "ix": 7}, "sk": {"a": 0, "k": 0, "ix": 4}, "sa": {"a": 0, "k": 0, "ix": 5}, "nm": "Transform"}], "nm": "Path", "np": 2, "cix": 2, "bm": 0, "ix": 1, "mn": "ADBE Vector Group", "hd": false}, {"ty": "tm", "s": {"a": 0, "k": 0, "ix": 1}, "e": {"a": 1, "k": [{"i": {"x": [0.4], "y": [1]}, "o": {"x": [0.6], "y": [0]}, "t": 11, "s": [0]}, {"t": 71, "s": [100]}], "ix": 2}, "o": {"a": 0, "k": 0, "ix": 3}, "m": 1, "ix": 2, "nm": "Trim Paths 1", "mn": "ADBE Vector Filter - Trim", "hd": false}, {"ty": "st", "c": {"a": 0, "k": [0.640268961589, 0, 1, 1], "ix": 3}, "o": {"a": 0, "k": 100, "ix": 4}, "w": {"a": 0, "k": 2, "ix": 5}, "lc": 1, "lj": 1, "ml": 4, "bm": 0, "nm": "Stroke 1", "mn": "ADBE Vector Graphic - Stroke", "hd": false}], "ip": 0, "op": 300, "st": 0, "bm": 0}, {"ddd": 0, "ind": 4, "ty": 4, "nm": "Path", "sr": 1, "ks": {"o": {"a": 0, "k": 100, "ix": 11}, "r": {"a": 0, "k": 0, "ix": 10}, "p": {"a": 0, "k": [797.5, 877.5, 0], "ix": 2}, "a": {"a": 0, "k": [0, 0, 0], "ix": 1}, "s": {"a": 0, "k": [100, 100, 100], "ix": 6}}, "ao": 0, "shapes": [{"ty": "gr", "it": [{"ind": 0, "ty": "sh", "ix": 1, "ks": {"a": 0, "k": {"i": [[0, 0], [1.4, -17.5], [-21, 0.1], [0, 19.6], [0, 0], [-12.2, 3.8], [0, 0], [0, -19.6], [0, 0], [19.6, -0.2], [-1.6, 21.3], [-17.8, 0.1]], "o": [[-17.6, -0.1], [-1.7, 21.2], [19.6, -0.2], [0, 0], [0, -12.8], [0, 0], [18.7, -5.8], [0, 0], [0, 19.6], [-20.9, 0.2], [1.4, -17.5], [0, 0]], "v": [[-80.939, 70.258], [-114.139, 103.158], [-78.039, 141.958], [-42.439, 105.358], [-42.439, -82.442], [-21.939, -110.242], [76.661, -140.642], [114.261, -112.842], [114.261, 69.358], [78.661, 105.958], [42.561, 67.158], [75.761, 34.258]], "c": false}, "ix": 2}, "nm": "Path 1", "mn": "ADBE Vector Shape - Group", "hd": false}, {"ty": "st", "c": {"a": 0, "k": [1, 1, 1, 1], "ix": 3}, "o": {"a": 0, "k": 100, "ix": 4}, "w": {"a": 0, "k": 26, "ix": 5}, "lc": 2, "lj": 2, "bm": 0, "nm": "Stroke 1", "mn": "ADBE Vector Graphic - Stroke", "hd": false}, {"ty": "tr", "p": {"a": 0, "k": [0, 0], "ix": 2}, "a": {"a": 0, "k": [0, 0], "ix": 1}, "s": {"a": 0, "k": [300, 300], "ix": 3}, "r": {"a": 0, "k": 0, "ix": 6}, "o": {"a": 0, "k": 100, "ix": 7}, "sk": {"a": 0, "k": 0, "ix": 4}, "sa": {"a": 0, "k": 0, "ix": 5}, "nm": "Transform"}], "nm": "Path", "np": 2, "cix": 2, "bm": 0, "ix": 1, "mn": "ADBE Vector Group", "hd": false}, {"ty": "tm", "s": {"a": 0, "k": 0, "ix": 1}, "e": {"a": 1, "k": [{"i": {"x": [0.4], "y": [1]}, "o": {"x": [0.6], "y": [0]}, "t": 4, "s": [0]}, {"t": 64, "s": [100]}], "ix": 2}, "o": {"a": 0, "k": 0, "ix": 3}, "m": 1, "ix": 2, "nm": "Trim Paths 1", "mn": "ADBE Vector Filter - Trim", "hd": false}, {"ty": "st", "c": {"a": 0, "k": [1, 1, 1, 1], "ix": 3}, "o": {"a": 0, "k": 100, "ix": 4}, "w": {"a": 0, "k": 2, "ix": 5}, "lc": 1, "lj": 1, "ml": 4, "bm": 0, "nm": "Stroke 1", "mn": "ADBE Vector Graphic - Stroke", "hd": false}], "ip": 0, "op": 300, "st": 0, "bm": 0}, {"ddd": 0, "ind": 5, "ty": 4, "nm": "Path 8", "sr": 1, "ks": {"o": {"a": 0, "k": 100, "ix": 11}, "r": {"a": 0, "k": 0, "ix": 10}, "p": {"a": 0, "k": [857.5, 957.5, 0], "ix": 2}, "a": {"a": 0, "k": [0, 0, 0], "ix": 1}, "s": {"a": 0, "k": [100, 100, 100], "ix": 6}}, "ao": 0, "shapes": [{"ty": "gr", "it": [{"ind": 0, "ty": "sh", "ix": 1, "ks": {"a": 0, "k": {"i": [[0, 0], [1.4, -17.5], [-21, 0.1], [0, 19.6], [0, 0], [-12.2, 3.8], [0, 0], [0, -19.6], [0, 0], [19.6, -0.2], [-1.6, 21.3], [-17.8, 0.1]], "o": [[-17.6, -0.1], [-1.7, 21.2], [19.6, -0.2], [0, 0], [0, -12.8], [0, 0], [18.7, -5.8], [0, 0], [0, 19.6], [-20.9, 0.2], [1.4, -17.5], [0, 0]], "v": [[-80.939, 70.258], [-114.139, 103.158], [-78.039, 141.958], [-42.439, 105.358], [-42.439, -82.442], [-21.939, -110.242], [76.661, -140.642], [114.261, -112.842], [114.261, 69.358], [78.661, 105.958], [42.561, 67.158], [75.761, 34.258]], "c": false}, "ix": 2}, "nm": "Path 1", "mn": "ADBE Vector Shape - Group", "hd": false}, {"ty": "st", "c": {"a": 0, "k": [1, 0.781768439798, 0, 1], "ix": 3}, "o": {"a": 0, "k": 100, "ix": 4}, "w": {"a": 0, "k": 1, "ix": 5}, "lc": 2, "lj": 2, "bm": 0, "nm": "Stroke 1", "mn": "ADBE Vector Graphic - Stroke", "hd": false}, {"ty": "tr", "p": {"a": 0, "k": [0, 0], "ix": 2}, "a": {"a": 0, "k": [0, 0], "ix": 1}, "s": {"a": 0, "k": [300, 300], "ix": 3}, "r": {"a": 0, "k": 0, "ix": 6}, "o": {"a": 0, "k": 100, "ix": 7}, "sk": {"a": 0, "k": 0, "ix": 4}, "sa": {"a": 0, "k": 0, "ix": 5}, "nm": "Transform"}], "nm": "Path", "np": 2, "cix": 2, "bm": 0, "ix": 1, "mn": "ADBE Vector Group", "hd": false}, {"ty": "tm", "s": {"a": 1, "k": [{"i": {"x": [0.4], "y": [1]}, "o": {"x": [0.6], "y": [0]}, "t": 4, "s": [0]}, {"t": 42, "s": [100]}], "ix": 1}, "e": {"a": 1, "k": [{"i": {"x": [0.4], "y": [1]}, "o": {"x": [0.6], "y": [0]}, "t": 4, "s": [0]}, {"t": 50, "s": [100]}], "ix": 2}, "o": {"a": 0, "k": 0, "ix": 3}, "m": 1, "ix": 2, "nm": "Trim Paths 1", "mn": "ADBE Vector Filter - Trim", "hd": false}, {"ty": "st", "c": {"a": 0, "k": [1, 0.781768439798, 0, 1], "ix": 3}, "o": {"a": 0, "k": 100, "ix": 4}, "w": {"a": 0, "k": 1, "ix": 5}, "lc": 1, "lj": 1, "ml": 4, "bm": 0, "nm": "Stroke 1", "mn": "ADBE Vector Graphic - Stroke", "hd": false}], "ip": 0, "op": 300, "st": 0, "bm": 0}, {"ddd": 0, "ind": 6, "ty": 4, "nm": "Path 6", "sr": 1, "ks": {"o": {"a": 0, "k": 100, "ix": 11}, "r": {"a": 0, "k": 0, "ix": 10}, "p": {"a": 0, "k": [857.5, 957.5, 0], "ix": 2}, "a": {"a": 0, "k": [0, 0, 0], "ix": 1}, "s": {"a": 0, "k": [100, 100, 100], "ix": 6}}, "ao": 0, "shapes": [{"ty": "gr", "it": [{"ind": 0, "ty": "sh", "ix": 1, "ks": {"a": 0, "k": {"i": [[0, 0], [1.4, -17.5], [-21, 0.1], [0, 19.6], [0, 0], [-12.2, 3.8], [0, 0], [0, -19.6], [0, 0], [19.6, -0.2], [-1.6, 21.3], [-17.8, 0.1]], "o": [[-17.6, -0.1], [-1.7, 21.2], [19.6, -0.2], [0, 0], [0, -12.8], [0, 0], [18.7, -5.8], [0, 0], [0, 19.6], [-20.9, 0.2], [1.4, -17.5], [0, 0]], "v": [[-80.939, 70.258], [-114.139, 103.158], [-78.039, 141.958], [-42.439, 105.358], [-42.439, -82.442], [-21.939, -110.242], [76.661, -140.642], [114.261, -112.842], [114.261, 69.358], [78.661, 105.958], [42.561, 67.158], [75.761, 34.258]], "c": false}, "ix": 2}, "nm": "Path 1", "mn": "ADBE Vector Shape - Group", "hd": false}, {"ty": "st", "c": {"a": 0, "k": [0.508819041533, 0, 1, 1], "ix": 3}, "o": {"a": 0, "k": 100, "ix": 4}, "w": {"a": 0, "k": 1, "ix": 5}, "lc": 2, "lj": 2, "bm": 0, "nm": "Stroke 1", "mn": "ADBE Vector Graphic - Stroke", "hd": false}, {"ty": "tr", "p": {"a": 0, "k": [0, 0], "ix": 2}, "a": {"a": 0, "k": [0, 0], "ix": 1}, "s": {"a": 0, "k": [300, 300], "ix": 3}, "r": {"a": 0, "k": 0, "ix": 6}, "o": {"a": 0, "k": 100, "ix": 7}, "sk": {"a": 0, "k": 0, "ix": 4}, "sa": {"a": 0, "k": 0, "ix": 5}, "nm": "Transform"}], "nm": "Path", "np": 2, "cix": 2, "bm": 0, "ix": 1, "mn": "ADBE Vector Group", "hd": false}, {"ty": "tm", "s": {"a": 1, "k": [{"i": {"x": [0.4], "y": [1]}, "o": {"x": [0.6], "y": [0]}, "t": 0, "s": [0]}, {"t": 38, "s": [100]}], "ix": 1}, "e": {"a": 1, "k": [{"i": {"x": [0.4], "y": [1]}, "o": {"x": [0.6], "y": [0]}, "t": 0, "s": [0]}, {"t": 46, "s": [100]}], "ix": 2}, "o": {"a": 0, "k": 0, "ix": 3}, "m": 1, "ix": 2, "nm": "Trim Paths 1", "mn": "ADBE Vector Filter - Trim", "hd": false}, {"ty": "st", "c": {"a": 0, "k": [0.508819041533, 0, 1, 1], "ix": 3}, "o": {"a": 0, "k": 100, "ix": 4}, "w": {"a": 0, "k": 1, "ix": 5}, "lc": 1, "lj": 1, "ml": 4, "bm": 0, "nm": "Stroke 1", "mn": "ADBE Vector Graphic - Stroke", "hd": false}], "ip": 0, "op": 300, "st": 0, "bm": 0}]}], "layers": [{"ddd": 0, "ind": 1, "ty": 0, "nm": "Loader", "refId": "comp_0", "sr": 1, "ks": {"o": {"a": 0, "k": 100, "ix": 11}, "r": {"a": 0, "k": 0, "ix": 10}, "p": {"a": 0, "k": [504, 500, 0], "ix": 2}, "a": {"a": 0, "k": [877.5, 877.5, 0], "ix": 1}, "s": {"a": 1, "k": [{"i": {"x": [0.4, 0.4, 0.4], "y": [1, 1, 1]}, "o": {"x": [0.6, 0.6, 0.6], "y": [0, 0, 0]}, "t": 112, "s": [49, 49, 100]}, {"i": {"x": [0.4, 0.4, 0.4], "y": [1, 1, 1]}, "o": {"x": [0.6, 0.6, 0.6], "y": [0, 0, 0]}, "t": 122, "s": [40, 40, 100]}, {"i": {"x": [0.4, 0.4, 0.4], "y": [1, 1, 1]}, "o": {"x": [0.6, 0.6, 0.6], "y": [0, 0, 0]}, "t": 132, "s": [40, 40, 100]}, {"i": {"x": [0.833, 0.833, 0.833], "y": [1, 1, 1]}, "o": {"x": [0.6, 0.6, 0.6], "y": [0, 0, 0]}, "t": 142, "s": [30, 30, 100]}, {"i": {"x": [0.833, 0.833, 0.833], "y": [1, 1, 1]}, "o": {"x": [0.167, 0.167, 0.167], "y": [0, 0, 0]}, "t": 162, "s": [30, 30, 100]}, {"t": 172, "s": [49, 49, 100]}], "ix": 6}}, "ao": 0, "w": 1755, "h": 1755, "ip": 0, "op": 300, "st": 0, "bm": 0}], "markers": []}